{"cameraMode":{"drawMode":0,"name":"Shaded","section":"Shading Mode"},"sceneLighting":false,"audioPlay":false,"sceneViewState":{"m_AlwaysRefresh":false,"showFog":false,"showSkybox":false,"showFlares":false,"showImageEffects":false,"showParticleSystems":false,"showVisualEffectGraphs":true,"m_FxEnabled":true},"in2DMode":false,"pivot":{"x":0.019639968872070314,"y":0.8596442937850952,"z":0.1468098759651184},"rotation":{"x":-0.003954234998673201,"y":-0.9957687258720398,"z":0.07513262331485748,"w":-0.05234941840171814},"size":1.2507479190826417,"orthographic":false}