{"cameraMode":{"drawMode":0,"name":"Shaded","section":"Shading Mode"},"sceneLighting":false,"audioPlay":false,"sceneViewState":{"m_AlwaysRefresh":false,"showFog":true,"showSkybox":false,"showFlares":true,"showImageEffects":true,"showParticleSystems":true,"showVisualEffectGraphs":true,"m_FxEnabled":true},"in2DMode":false,"pivot":{"x":-0.056269705295562747,"y":0.863686203956604,"z":-0.4053478240966797},"rotation":{"x":0.0032189004123210909,"y":-0.996681272983551,"z":0.06168361380696297,"w":0.052352696657180789},"size":0.31311488151550295,"orthographic":false}