{"cameraMode":{"drawMode":0,"name":"Shaded","section":"Shading Mode"},"sceneLighting":false,"audioPlay":false,"sceneViewState":{"m_AlwaysRefresh":false,"showFog":true,"showSkybox":false,"showFlares":true,"showImageEffects":true,"showParticleSystems":true,"showVisualEffectGraphs":true,"m_FxEnabled":true},"in2DMode":false,"pivot":{"x":64.96543884277344,"y":1.5952718257904053,"z":-124.23770904541016},"rotation":{"x":0.0018914606189355255,"y":-0.9980676174163818,"z":0.04375246539711952,"w":0.04342144355177879},"size":0.014578714966773987,"orthographic":false}